<workflow-app name="EIR_Workflow_BAU" xmlns="uri:oozie:workflow:0.5" >
  <global>
            <configuration>
                <property>
                    <name>oozie.launcher.mapreduce.job.queuename</name>
                    <value>${queueName}</value>
                </property>
                <property>
                    <name>mapreduce.job.queuename</name>
                    <value>${queueName}</value>
                </property>
                <property>
                    <name>mapreduce.map.memory.mb</name>
                    <value>9216</value>
                </property>
                <property>
                    <name>mapreduce.map.java.opts</name>
                    <value>-Xmx8192m</value>
                </property>
                <property>
                    <name>mapreduce.reduce.memory.mb</name>
                    <value>9216</value>
                </property>
                <property>
                    <name>mapreduce.reduce.java.opts</name>
                    <value>-Xmx8192m</value>
                </property>
            </configuration>
  </global>
  <credentials>
    <credential name="hcat" type="hcat">
      <property>
        <name>hcat.metastore.uri</name>
        <value>${hcat_metastore_uri}</value>
      </property>
      <property>
        <name>hcat.metastore.principal</name>
        <value>${hcat_metastore_principal}</value>
      </property>
    </credential>
    <credential name="hive2" type="hive2">
      <property>
        <name>hive2.jdbc.url</name>
        <value>${hive2_jdbc_url}</value>
      </property>
      <property>
        <name>hive2.server.principal</name>
        <value>${hive2_server_principal}</value>
      </property>
    </credential>
  </credentials>
    <start to="email-start"/>
    <kill name="Kill">
        <message>Action failed, error message[${wf:errorMessage(wf:lastErrorNode())}]</message>
    </kill>
    <action name="email-start">
        <email xmlns="uri:oozie:email-action:0.2">
            <to>${email_ids}</to>
            <subject>Started | ${wf:name()} - ${wf:id()}</subject>
            <body>
Table :${dataload_table_name}

Today :${Load_year}-${Load_month}-${day}

Coordinator Id  : ${coordId}

workflow Name : ${wf:name()}

workflow Id     : ${wf:id()}

Status  : Started

for further details check at below location :

${debug_url}/${wf:id()}

or 

Run below command from commandline:

oozie job -oozie ${oozie_url} -info ${wf:id()}


                </body>
            <content_type>text/plain</content_type>
        </email>
        <ok to="shell-entry"/>
        <error to="shell-entry"/>
    </action>

<action name="shell-entry" cred="hive2,hcat">
        <shell xmlns="uri:oozie:shell-action:0.1">
            <job-tracker>${jobTracker}</job-tracker>
            <name-node>${nameNode}</name-node>
            <exec>Entry.sh</exec>
             <argument>${dataload_target_dir}</argument>
              <argument>${Load_year}${Load_month}${day}</argument>
            <file>scripts/Entry.sh#Entry.sh</file>
              <capture-output/>
        </shell>
        <ok to="hive-max-check"/>
        <error to="email-fail"/>
    </action>
   <action name="hive-max-check" cred="hcat">
        <hive xmlns="uri:oozie:hive-action:0.2">
            <job-tracker>${jobTracker}</job-tracker>
            <name-node>${nameNode}</name-node>
              <job-xml>${hive}</job-xml>
            <script>scripts/Hive_max_check.hql</script>
      
              <param>hive_database=${hive_database}</param>
              <param>hive_eir_table=${hive_table}</param>
        </hive>
        <ok to="shell-eval"/>
        <error to="email-fail"/>
    </action>
	   <action name="shell-eval" cred="hive2,hcat">
        <shell xmlns="uri:oozie:shell-action:0.1">
            <job-tracker>${jobTracker}</job-tracker>
            <name-node>${nameNode}</name-node>
            <configuration>
                <property>
                    <name>mapred.child.java.opts</name>
                    <value>-server  -Xmx1024M   -Djava.net.preferIPv4Stack=true</value>
                </property>
              <property>
                    <name>oozie.launcher.mapred.map.child.env</name>
                    <value>HADOOP_CREDSTORE_PASSWORD=none</value>
             </property>
             <property>
                    <name>oozie.launcher.mapred.child.java.opts</name>
                    <value>-Xmx1024M   -Djava.net.preferIPv4Stack=true</value>
                </property>
           </configuration>
            <exec>Eval_count.sh</exec>
              <argument>${dataload_table_name}</argument>
              <argument>${dataload_target_dir}</argument>
              <argument>${Load_year}${Load_month}${day}</argument>
              <argument>${load_max_days_limit_enabled}</argument>
              <argument>${load_max_days_limit}</argument>
            <file>scripts/Eval_count.sh#Eval_count.sh</file>
              <capture-output/>
        </shell>
        <ok to="sqoop-load"/>
        <error to="email-fail"/>
    </action>
	
	
    <action name="sqoop-load">
        <sqoop xmlns="uri:oozie:sqoop-action:0.2">
            <job-tracker>${jobTracker}</job-tracker>
            <name-node>${nameNode}</name-node>
            <configuration>
                <property>
                    <name>mapred.child.java.opts</name>
                    <value>-server  -Xmx1024M -Djava.net.preferIPv4Stack=true</value>
                </property>
                <property>
                    <name>oozie.launcher.mapreduce.map.memory.mb</name>
                    <value>16384</value>
                </property>
                <property>
                    <name>oozie.launcher.mapreduce.map.java.opts</name>
                    <value>-Xmx15g</value>
                </property>
                <property>
                    <name>oozie.launcher.yarn.app.mapreduce.am.resource.mb</name>
                    <value>768</value>
                </property>
                <property>
                    <name>oozie.launcher.yarn.app.mapreduce.am.command-opts</name>
                    <value>-Xmx512m</value>
                </property>
                <property>
                    <name>mapreduce.map.java.opts</name>
                    <value>-Xmx10240m -Ddb2.jcc.charsetDecoderEncoder=3</value>
                </property>
             	  <property>
                  <name>oozie.launcher.mapred.map.child.env</name>
                 <value>HADOOP_CREDSTORE_PASSWORD=none</value>
                </property>
         	  <property>
                  <name>oozie.launcher.mapreduce.map.maxattempts</name>
                 <value>1</value>
         	  </property>
         	  <property>
                  <name>mapreduce.map.maxattempts</name>
                 <value>1</value>
          	 </property>
            </configuration>
              <arg>job</arg>
              <arg>-exec</arg>
              <arg>EIR_IMPORT</arg>
              <arg>--</arg>
              <arg>-m</arg>
              <arg>${number_mapper}</arg>
              <arg>--target-dir</arg>
              <arg>${dataload_target_dir}/Load</arg>
              <arg>--query</arg>
              <arg> &quot;select * from ${dataload_table_name}  where ${wf:actionData(&#39;shell-eval&#39;)[&#39;query_criteria&#39;]}  and $CONDITIONS with ur&quot; </arg>
              <arg>--fetch-size</arg>
              <arg>${fetch_size}</arg>
              <arg>--boundary-query</arg>
              <arg>&quot;SELECT MIN(LNGTD_PRSPCTV_ID),MAX(LNGTD_PRSPCTV_ID) FROM ${dataload_table_name} where ${wf:actionData(&#39;shell-eval&#39;)[&#39;query_criteria&#39;]}  with ur&quot;</arg>
              <arg>--as-parquetfile</arg>
              <arg>--compression-codec</arg>
              <arg>org.apache.hadoop.io.compress.SnappyCodec</arg>
        </sqoop>
        <ok to="hive-stg-load"/>
        <error to="email-fail"/>
    </action>
    <action name="hive-stg-load" cred="hcat">
        <hive xmlns="uri:oozie:hive-action:0.2">
            <job-tracker>${jobTracker}</job-tracker>
            <name-node>${nameNode}</name-node>
              <job-xml>${hive}</job-xml>
            <script>scripts/Hive_Stg_Load.hql</script>
              <param>target_data_dir=${dataload_target_dir}/Load</param>
              <param>hive_database=${hive_database}</param>
              <param>hive_eir_stg_table=${hive_stg_table}</param>
        </hive>
        <ok to="shell-hive-eval"/>
        <error to="email-fail"/>
    </action>
	   <action name="shell-hive-eval" cred="hcat,hive2">
        <shell xmlns="uri:oozie:shell-action:0.1">
            <job-tracker>${jobTracker}</job-tracker>
            <name-node>${nameNode}</name-node>
            <exec>Hive_eval_count.sh</exec>
              <argument>${dataload_target_dir}</argument>
              <argument>${Load_year}${Load_month}${day}</argument>
            <file>scripts/Hive_eval_count.sh#Hive_eval_count.sh</file>
              <capture-output/>
        </shell>
        <ok to="decision-check"/>
        <error to="email-fail"/>
    </action>
	    <decision name="decision-check">
        <switch>
            <case to="hive-load">
              ${ wf:actionData(&#39;shell-hive-eval&#39;)[&#39;HiveCount&#39;] eq  wf:actionData(&#39;shell-hive-eval&#39;)[&#39;SqoopCount&#39;]}
            </case>
            <case to="email-validation-fail">
              ${ wf:actionData(&#39;shell-hive-eval&#39;)[&#39;HiveCount&#39;]  ne  wf:actionData(&#39;shell-hive-eval&#39;)[&#39;SqoopCount&#39;]}
            </case>
            <default to="email-validation-fail"/>
        </switch>
    </decision>
	
	  <action name="hive-load" cred="hcat">
        <hive xmlns="uri:oozie:hive-action:0.2">
            <job-tracker>${jobTracker}</job-tracker>
            <name-node>${nameNode}</name-node>
              <job-xml>${hive}</job-xml>
            <script>scripts/Hive_Load.hql</script>
              <param>hive_eir_table=${hive_table}</param>
              <param>hive_database=${hive_database}</param>
              <param>hive_eir_stg_table=${hive_stg_table}</param>
        </hive>
        <ok to="shell-data-archive"/>
        <error to="email-fail"/>
    </action>
    <action name="email-end">
        <email xmlns="uri:oozie:email-action:0.2">
            <to>${email_ids}</to>
            <subject>Ended | ${wf:name()} - ${wf:id()}</subject>
            <body>
Table :${dataload_table_name}

Today :${Load_year}-${Load_month}-${day}

Coordinator Id  : ${coordId}

workflow Name : ${wf:name()}

workflow Id     : ${wf:id()}

Data Load Validation
Status:${wf:actionData(&#39;shell-hive-eval&#39;)[&#39;validation&#39;]}
Hive Count:${wf:actionData(&#39;shell-hive-eval&#39;)[&#39;HiveCount&#39;]}
Sqoop Count:${wf:actionData(&#39;shell-hive-eval&#39;)[&#39;SqoopCount&#39;]}

for further details check at below location :

${debug_url}/${wf:id()}

or 

Run below command from commandline:

oozie job -oozie ${oozie_url} -info ${wf:id()}

</body>
            <content_type>text/plain</content_type>
        </email>
        <ok to="End"/>
        <error to="End"/>
    </action>
    <action name="email-fail">
        <email xmlns="uri:oozie:email-action:0.2">
            <to>${email_ids}</to>
            <subject>Failed | ${wf:name()} - ${wf:id()}</subject>
            <body>
Table :${dataload_table_name}

Today :${Load_year}-${Load_month}-${day}

Coordinator Id  : ${coordId}

workflow Name : ${wf:name()}

workflow Id     : ${wf:id()}

Status  : Failed


Last error action : ${wf:lastErrorNode()}
Error Message as below :
${wf:errorMessage(wf:lastErrorNode())}

for further details check at below location :

${debug_url}/${wf:id()}

or 

Run below command from commandline:

oozie job -oozie ${oozie_url} -info ${wf:id()}

Tips :

Case 1) To restart workflow from failed action , execute below command from commandline:

oozie job -oozie ${oozie_url} -D oozie.wf.rerun.failnodes=true -rerun ${wf:id()}

If issue still persists , Please check for job logs from browser for malicious error/s.

Case 2) In worst case scenario , To restart workflow from beginning , follow below steps:

	i) Delete sqoop and hive count files (if exist) using given commands first: 
			hadoop fs -rm  ${dataload_target_dir}/Count/sqoop/${Load_year}${Load_month}${day}/count_sqoop.txt
			hadoop fs -rm ${dataload_target_dir}/Count/hive/${Load_year}${Load_month}${day}/count_hive.txt

	ii) Execute below oozie command from commandline as next step:

		oozie job -oozie ${oozie_url} -D oozie.wf.rerun.failnodes=false -rerun ${wf:id()}


</body>
            <content_type>text/plain</content_type>
        </email>
        <ok to="Kill"/>
        <error to="Kill"/>
    </action>
 
 
  

    <action name="email-validation-fail">
        <email xmlns="uri:oozie:email-action:0.2">
            <to>${email_ids}</to>
            <subject>Failed | ${wf:name()} - ${wf:id()}</subject>
            <body>
Table :${dataload_table_name}

Today :${Load_year}-${Load_month}-${day}

Coordinator Id  : ${coordId}

workflow Name : ${wf:name()}

workflow Id     : ${wf:id()}

Status  : Failed

Data Load Validation

Status:${wf:actionData(&#39;shell-hive-eval&#39;)[&#39;validation&#39;]}
Hive Count:${wf:actionData(&#39;shell-hive-eval&#39;)[&#39;HiveCount&#39;]}
Sqoop Count:${wf:actionData(&#39;shell-hive-eval&#39;)[&#39;SqoopCount&#39;]}


Last error action : ${wf:lastErrorNode()}
Error Message as below :
${wf:errorMessage(wf:lastErrorNode())}

for further detail check at below location :

${debug_url}/${wf:id()}

or

Run below command from commandline:

oozie job -oozie ${oozie_url} -info ${wf:id()}


Tips:

Please check for job logs from browser for Count Mismatch issue , malicious error/s.


Case 1) To restart workflow from beginning , follow below steps:

	i) Delete sqoop and hive count files (if exist) using given commands first: 
			hadoop fs -rm  ${dataload_target_dir}/Count/sqoop/${Load_year}${Load_month}${day}/count_sqoop.txt
			hadoop fs -rm ${dataload_target_dir}/Count/hive/${Load_year}${Load_month}${day}/count_hive.txt

	ii) Execute below oozie command from commandline as next step:

		oozie job -oozie ${oozie_url} -D oozie.wf.rerun.failnodes=false -rerun ${wf:id()}


If issue still persists , Please check for source data issue.

</body>
            <content_type>text/plain</content_type>
        </email>
        <ok to="Kill"/>
        <error to="Kill"/>
    </action>
    <action name="shell-data-archive">
        <shell xmlns="uri:oozie:shell-action:0.1">
            <job-tracker>${jobTracker}</job-tracker>
            <name-node>${nameNode}</name-node>
            <exec>Data_archive.sh</exec>
              <argument>${data_archive_enabled}</argument>
              <argument>${data_archive_location}</argument>
              <argument>${dataload_target_dir}/Load</argument>
              <argument>${Load_year}${Load_month}${day}</argument>
            <file>scripts/Data_archive.sh#Data_archive.sh</file>
              <capture-output/>
        </shell>
        <ok to="email-end"/>
        <error to="email-fail"/>
    </action>
    <end name="End"/>
</workflow-app>