<?xml version="1.0" encoding="UTF-8"?>
<workflow-app xmlns="uri:oozie:workflow:0.5" name="EIR_Workflow_Delete_Process_BAU">
   <global>
      <configuration>
         <property>
            <name>oozie.launcher.mapreduce.job.queuename</name>
            <value>${queueName}</value>
         </property>
         <property>
            <name>mapreduce.job.queuename</name>
            <value>${queueName}</value>
         </property>
         <property>
            <name>mapreduce.map.memory.mb</name>
            <value>9216</value>
         </property>
         <property>
            <name>mapreduce.map.java.opts</name>
            <value>-Xmx8192m</value>
         </property>
         <property>
            <name>mapreduce.reduce.memory.mb</name>
            <value>9216</value>
         </property>
         <property>
            <name>mapreduce.reduce.java.opts</name>
            <value>-Xmx8192m</value>
         </property>
      </configuration>
   </global>
   <credentials>
      <credential name="hcat" type="hcat">
         <property>
            <name>hcat.metastore.uri</name>
            <value>${hcat_metastore_uri}</value>
         </property>
         <property>
            <name>hcat.metastore.principal</name>
            <value>${hcat_metastore_principal}</value>
         </property>
      </credential>
      <credential name="hive2" type="hive2">
         <property>
            <name>hive2.jdbc.url</name>
            <value>${hive2_jdbc_url}</value>
         </property>
         <property>
            <name>hive2.server.principal</name>
            <value>${hive2_server_principal}</value>
         </property>
      </credential>
   </credentials>
   <start to="email-start" />
   <kill name="Kill">
      <message>Action failed, error message[${wf:errorMessage(wf:lastErrorNode())}]</message>
   </kill>
   <action name="email-start">
      <email xmlns="uri:oozie:email-action:0.2">
         <to>${email_ids}</to>
         <subject>Started | ${wf:name()} - ${wf:id()}</subject>
         <body>
		Hive Table : ${hive_database}.${hive_table}

		Delete Execution Date :${Load_year}-${Load_month}-${day}
		
		Coordinator Id  : ${coordId}

		workflow Name : ${wf:name()}

		workflow Id     : ${wf:id()}

		Status  : Started

	for further detail check at below location :

              ${debug_url}/${wf:id()}

		or

	run below command from commandline:

		oozie job -oozie ${oozie_url} -info ${wf:id()}
	</body>
         <content_type>text/plain</content_type>
      </email>
      <ok to="hive-delete-casnbr-load" />
      <error to="hive-delete-casnbr-load" />
   </action>
   <action name="hive-delete" cred="hcat,hive2">
      <hive xmlns="uri:oozie:hive-action:0.2">
         <job-tracker>${jobTracker}</job-tracker>
         <name-node>${nameNode}</name-node>
         <job-xml>${hive}</job-xml>
         <script>scripts/Hive_Delete.hql</script>
         <param>hive_table=${hive_table}</param>
         <param>hive_database=${hive_database}</param>
      </hive>
      <ok to="shell-post-hive-delete-eval" />
      <error to="email-fail" />
   </action>
   <action name="email-end">
      <email xmlns="uri:oozie:email-action:0.2">
         <to>${email_ids}</to>
         <subject>Ended | ${wf:name()} - ${wf:id()}</subject>
         <body>
		Hive Table : ${hive_database}.${hive_table}

		Delete Execution Date :${Load_year}-${Load_month}-${day}

		Coordinator Id  : ${coordId}

		workflow Name : ${wf:name()}

		workflow Id     : ${wf:id()}

	Data Delete Validation


		Delete CASE_NBR Count:${wf:actionData(&#39;shell-post-hive-delete-eval&#39;)[&#39;DeleteCase_NbrCount&#39;]}

		Delete Record Count:${wf:actionData(&#39;shell-post-hive-delete-eval&#39;)[&#39;DeleteRecordCount&#39;]}

		Pre_Delete Hive Count:${wf:actionData(&#39;shell-post-hive-delete-eval&#39;)[&#39;Pre_DeleteHiveCount&#39;]}

		Post_Delete Hive Count:${wf:actionData(&#39;shell-post-hive-delete-eval&#39;)[&#39;Post_DeleteHiveCount&#39;]}

	for further detail check at below location :

              ${debug_url}/${wf:id()}

	or

	run below command from commandline:


		oozie job -oozie ${oozie_url} -info ${wf:id()}
	</body>
         <content_type>text/plain</content_type>
      </email>
      <ok to="End" />
      <error to="End" />
   </action>
   <action name="email-fail">
      <email xmlns="uri:oozie:email-action:0.2">
         <to>${email_ids}</to>
         <subject>Failed | ${wf:name()} - ${wf:id()}</subject>
         <body>
		Hive Table : ${hive_database}.${hive_table}

		Delete Execution Date :${Load_year}-${Load_month}-${day}

		Coordinator Id  : ${coordId}

		workflow Name : ${wf:name()}

		workflow Id     : ${wf:id()}

		Status  : Failed

		Last error action : ${wf:lastErrorNode()}

	Error Message as below :

		${wf:errorMessage(wf:lastErrorNode())}

	for further detail check at below location :

		${debug_url}/${wf:id()}

	or

	run below command from commandline:


		oozie job -oozie ${oozie_url} -info ${wf:id()}

Tips:

Case 1) To restart workflow from failed action , execute below command from commandline:

run below command from commandline:

oozie job -oozie ${oozie_url} -D oozie.wf.rerun.failnodes=true -rerun ${wf:id()}


Case 2) In worst case scenario , To restart workflow from beginning , follow below step:


	i) Execute below oozie command from commandline :

		run below command from commandline:

		oozie job -oozie ${oozie_url}  -D oozie.wf.rerun.failnodes=false -rerun ${wf:id()}


If issue still persists , Please check for job logs from browser for malicious error/s.
	</body>
         <content_type>text/plain</content_type>
      </email>
      <ok to="Kill" />
      <error to="Kill" />
   </action>
   <action name="shell-post-hive-delete-eval" cred="hcat,hive2">
      <shell xmlns="uri:oozie:shell-action:0.1">
         <job-tracker>${jobTracker}</job-tracker>
         <name-node>${nameNode}</name-node>
         <exec>Post_Hive_eval_count.sh</exec>
         <argument>${dataload_target_dir}</argument>
         <argument>${Load_year}${Load_month}${day}</argument>
         <file>scripts/Post_Hive_eval_count.sh#Post_Hive_eval_count.sh</file>
         <capture-output />
      </shell>
      <ok to="email-end" />
      <error to="email-fail" />
   </action>
   <action name="hive-delete-casnbr-load" cred="hcat,hive2">
      <hive xmlns="uri:oozie:hive-action:0.2">
         <job-tracker>${jobTracker}</job-tracker>
         <name-node>${nameNode}</name-node>
         <job-xml>${hive}</job-xml>
         <script>scripts/Delete_caseNbr_HiveLoad.hql</script>
         <param>hive_database=${hive_database}</param>
         <param>hive_eir_delete_casenbr_filepath=${hive_eir_delete_casenbr_filepath}</param>
      </hive>
      <ok to="hive-delete" />
      <error to="email-fail" />
   </action>
   <end name="End" />
</workflow-app>