<workflow-app name="EIR_Zone2_Workflow" xmlns="uri:oozie:workflow:0.5">

<!--
Created by - INFOSYS - uink54, uinp18
Created date - 09/08/2017
Created Version - 1.0
-->

    <global>
        <configuration>
            <property>
                <name>oozie.launcher.mapreduce.job.queuename</name>
                <value>${queueName}</value>
            </property>
            <property>
               <name>queueName</name>
               <value>${queueName}</value>
            </property>
            <property>
                <name>mapreduce.job.queuename</name>
                <value>${queueName}</value>
            </property>
            <property>
                <name>mapreduce.map.memory.mb</name>
                <value>9216</value>
            </property>
            <property>
                <name>mapreduce.map.java.opts</name>
                <value>-Xmx8192m</value>
            </property>
            <property>
                <name>mapreduce.reduce.memory.mb</name>
                <value>9216</value>
            </property>
            <property>
                <name>mapreduce.reduce.java.opts</name>
                <value>-Xmx8192m</value>
            </property>
            <property>
               <name>oozie_url</name>
               <value>${oozie_url}</value>
            </property>
            <property>
               <name>hive</name>
               <value>${hive}</value>
            </property>
            <property>
               <name>hive_table</name>
               <value>${hive_table}</value>
            </property>
            <property>
               <name>dataload_target_dir</name>
               <value>${dataload_target_dir}</value>
            </property>
            <property>
               <name>hive_database</name>
               <value>${hive_database}</value>
            </property>
            <property>
               <name>number_mapper</name>
               <value>${number_mapper}</value>
            </property>
            <property>
               <name>fetch_size</name>
               <value>${fetch_size}</value>
            </property>
            <property>
               <name>dataload_table_name</name>
               <value>${dataload_table_name}</value>
            </property>
            <property>
               <name>hive_stg_table</name>
               <value>${hive_stg_table}</value>
            </property>
            <property>
               <name>oozie.use.system.libpath</name>
               <value>True</value>
            </property>
            <property>
               <name>email_ids</name>
               <value>${email_ids}</value>
            </property>
            <property>
               <name>data_archive_enabled</name>
               <value>${data_archive_enabled}</value>
            </property>
            <property>
               <name>data_archive_location</name>
               <value>${data_archive_location}</value>
            </property>
            <property>
               <name>load_max_days_limit_enabled</name>
               <value>${load_max_days_limit_enabled}</value>
            </property>
            <property>
               <name>load_max_days_limit</name>
               <value>${load_max_days_limit}</value>
            </property>
            <property>
               <name>debug_url</name>
               <value>${debug_url}</value>
            </property>

        </configuration>
    </global>

    <credentials>
        <credential name="hcat" type="hcat">
            <property>
                <name>hcat.metastore.uri</name>
                <value>${hcat_metastore_uri}</value>
            </property>
            <property>
                <name>hcat.metastore.principal</name>
                <value>${hcat_metastore_principal}</value>
            </property>
        </credential>

        <credential name="hive2" type="hive2">
            <property>
                <name>hive2.jdbc.url</name>
                <value>${hive2_jdbc_url}</value>
            </property>
            <property>
                <name>hive2.server.principal</name>
                <value>${hive2_server_principal}</value>
            </property>
        </credential>
    </credentials>

    <start to="email-start"/>
    <kill name="Kill">
        <message>Action failed, error message[${wf:errorMessage(wf:lastErrorNode())}]</message>
    </kill>

    <action name="email-start">
        <email xmlns="uri:oozie:email-action:0.2">
            <to>${email_ids}</to>
            <subject>Started | ${wf:name()} - ${wf:id()}</subject>
            <body>

Table : ${dataload_table_name}

Workflow Name : ${wf:name()}

Workflow Id : ${wf:id()}

Status : Started

For further details check at below location:

${debug_url}/${wf:id()}

OR 

Run below command from commandline:

oozie job -oozie ${oozie_url} -info ${wf:id()}

                </body>
            <content_type>text/plain</content_type>
        </email>
        <ok to="shell-entry"/>
        <error to="email-fail"/>
    </action>

    <action name="shell-entry" cred="hive2,hcat">
        <shell xmlns="uri:oozie:shell-action:0.1">
            <job-tracker>${jobTracker}</job-tracker>
            <name-node>${nameNode}</name-node>
            <exec>Entry.sh</exec>
            <argument>${dataload_target_dir}</argument>
            <file>scripts/Entry.sh#Entry.sh</file>
            <capture-output/>
        </shell>
        <ok to="hive-max-check"/>
        <error to="email-fail"/>
    </action>

    <action name="hive-max-check" cred="hcat">
        <hive xmlns="uri:oozie:hive-action:0.2">
            <job-tracker>${jobTracker}</job-tracker>
            <name-node>${nameNode}</name-node>
            <job-xml>${hive}</job-xml>
            <script>scripts/Hive_max_check.hql</script>
            <param>hive_database=${hive_database}</param>
            <param>hive_eir_table=${hive_table}</param>
        </hive>
        <ok to="shell-eval"/>
        <error to="email-fail"/>
    </action>

    <action name="shell-eval" cred="hive2,hcat">
        <shell xmlns="uri:oozie:shell-action:0.1">
            <job-tracker>${jobTracker}</job-tracker>
            <name-node>${nameNode}</name-node>
            <exec>Eval_count.sh</exec>
            <argument>${dataload_table_name}</argument>
            <argument>${dataload_target_dir}</argument>
            <argument>${load_max_days_limit_enabled}</argument>
            <argument>${load_max_days_limit}</argument>
            <file>scripts/Eval_count.sh#Eval_count.sh</file>
            <capture-output/>
        </shell>
        <ok to="sqoop-load"/>
        <error to="email-fail"/>
    </action>

    <action name="sqoop-load">
        <sqoop xmlns="uri:oozie:sqoop-action:0.2">
            <job-tracker>${jobTracker}</job-tracker>
            <name-node>${nameNode}</name-node>
            <configuration>
                <property>
                    <name>mapred.child.java.opts</name>
                    <value>-server -Xmx1024M -Djava.net.preferIPv4Stack=true</value>
                </property>
                <property>
                    <name>oozie.launcher.mapreduce.map.memory.mb</name>
                    <value>16384</value>
                </property>
                <property>
                    <name>oozie.launcher.mapreduce.map.java.opts</name>
                    <value>-Xmx15g</value>
                </property>
                <property>
                    <name>oozie.launcher.yarn.app.mapreduce.am.resource.mb</name>
                    <value>768</value>
                </property>
                <property>
                    <name>oozie.launcher.yarn.app.mapreduce.am.command-opts</name>
                    <value>-Xmx512m</value>
                </property>
                <property>
                    <name>mapreduce.map.java.opts</name>
                    <value>-Xmx10240m -Ddb2.jcc.charsetDecoderEncoder=3</value>
                </property>
                <property>
                  <name>oozie.launcher.mapred.map.child.env</name>
                  <value>HADOOP_CREDSTORE_PASSWORD=none</value>
                </property>
                <property>
                  <name>oozie.launcher.mapreduce.map.maxattempts</name>
                  <value>1</value>
                </property>
                <property>
                  <name>mapreduce.map.maxattempts</name>
                  <value>1</value>
                </property>
            </configuration>
            <arg>import</arg>
            <arg>-Dhadoop.security.credential.provider.path=jceks://hdfs/user/uzlweir1/eir.pdoa.password.jceks</arg>
            <arg>--connect</arg>
            <arg>jdbc:db2://bidb-qa.suntrust.com:50000/dqa01cdw</arg>
            <arg>--username</arg>
            <arg>uzlweir1</arg>
            <arg>-password-alias</arg>
            <arg>eir.password.alias</arg>
            <arg>-m</arg>
            <arg>${number_mapper}</arg>
            <arg>--split-by</arg>
            <arg>calndr_dt</arg>
	     <arg>--delete-target-dir</arg>
            <arg>--target-dir</arg>
            <arg>${dataload_target_dir}/Load</arg>
            <arg>--query</arg>
            <arg>"select * from ${dataload_table_name} where ${wf:actionData('shell-eval')['query_criteria']} and $CONDITIONS"</arg>
            <arg>--fetch-size</arg>
            <arg>${fetch_size}</arg>
            <arg>--as-parquetfile</arg>
            <arg>--compression-codec</arg>
            <arg>org.apache.hadoop.io.compress.SnappyCodec</arg>
        </sqoop>
        <ok to="hive-stg-load"/>
        <error to="email-fail"/>
    </action>

    <action name="hive-stg-load" cred="hcat">
        <hive xmlns="uri:oozie:hive-action:0.2">
            <job-tracker>${jobTracker}</job-tracker>
            <name-node>${nameNode}</name-node>
            <job-xml>${hive}</job-xml>
            <script>scripts/Hive_Stg_Load.hql</script>
            <param>target_data_dir=${dataload_target_dir}/Load</param>
            <param>hive_database=${hive_database}</param>
            <param>hive_eir_stg_table=${hive_stg_table}</param>
        </hive>
        <ok to="shell-hive-eval"/>
        <error to="email-fail"/>
    </action>

    <action name="shell-hive-eval" cred="hcat,hive2">
        <shell xmlns="uri:oozie:shell-action:0.1">
            <job-tracker>${jobTracker}</job-tracker>
            <name-node>${nameNode}</name-node>
            <exec>Hive_eval_count.sh</exec>
            <argument>${dataload_target_dir}</argument>
            <file>scripts/Hive_eval_count.sh#Hive_eval_count.sh</file>
              <capture-output/>
        </shell>
        <ok to="decision-check"/>
        <error to="email-fail"/>
    </action>

    <decision name="decision-check">
        <switch>
            <case to="hive-load">
              ${ wf:actionData(&#39;shell-hive-eval&#39;)[&#39;HiveCount&#39;] eq wf:actionData(&#39;shell-hive-eval&#39;)[&#39;SqoopCount&#39;]}
            </case>
            <case to="email-validation-fail">
              ${ wf:actionData(&#39;shell-hive-eval&#39;)[&#39;HiveCount&#39;] ne wf:actionData(&#39;shell-hive-eval&#39;)[&#39;SqoopCount&#39;]}
            </case>
            <default to="email-validation-fail"/>
        </switch>
    </decision>

    <action name="hive-load" cred="hcat">
        <hive xmlns="uri:oozie:hive-action:0.2">
            <job-tracker>${jobTracker}</job-tracker>
            <name-node>${nameNode}</name-node>
            <job-xml>${hive}</job-xml>
            <script>scripts/Hive_Load.hql</script>
            <param>hive_eir_table=${hive_table}</param>
            <param>hive_database=${hive_database}</param>
            <param>hive_eir_stg_table=${hive_stg_table}</param>
        </hive>
        <ok to="shell-data-archive"/>
        <error to="email-fail"/>
    </action>

    <action name="email-end">
        <email xmlns="uri:oozie:email-action:0.2">
            <to>${email_ids}</to>
            <subject>Ended | ${wf:name()} - ${wf:id()}</subject>
            <body>

Table : ${dataload_table_name}

Workflow Name : ${wf:name()}

Workflow Id : ${wf:id()}

Data Load Validation

Status : ${wf:actionData(&#39;shell-hive-eval&#39;)[&#39;validation&#39;]}

Hive Count : ${wf:actionData(&#39;shell-hive-eval&#39;)[&#39;HiveCount&#39;]}

Sqoop Count : ${wf:actionData(&#39;shell-hive-eval&#39;)[&#39;SqoopCount&#39;]}

For further details check at below location:

${debug_url}/${wf:id()}

OR

Run below command from commandline:

oozie job -oozie ${oozie_url} -info ${wf:id()}

            </body>
            <content_type>text/plain</content_type>
        </email>
        <ok to="End"/>
        <error to="End"/>
    </action>

    <action name="email-fail">
        <email xmlns="uri:oozie:email-action:0.2">
            <to>${email_ids}</to>
            <subject>Failed | ${wf:name()} - ${wf:id()}</subject>
            <body>

Table : ${dataload_table_name}

Workflow Name : ${wf:name()}

Workflow Id : ${wf:id()}

Status : Failed

Last error action : ${wf:lastErrorNode()}

Error Message as below:

${wf:errorMessage(wf:lastErrorNode())}

For further details check at below location:

${debug_url}/${wf:id()}

OR

Run below command from commandline:

oozie job -oozie ${oozie_url} -info ${wf:id()}

Tips:

Case 1: To restart workflow from failed action, execute below command from commandline:

oozie job -oozie ${oozie_url} -D oozie.wf.rerun.failnodes=true -rerun ${wf:id()}

If issue still persists, Please check for job logs from browser for malicious error/s.

Case 2: To restart workflow from beginning, delete sqoop and hive count files (if already existing) using given commands first:

hadoop fs -rm ${dataload_target_dir}/Count/sqoop/count_sqoop.txt

hadoop fs -rm ${dataload_target_dir}/Count/hive/count_hive.txt

Case 3: Execute below oozie command from commandline as next step:

oozie job -oozie ${oozie_url} -D oozie.wf.rerun.failnodes=false -rerun ${wf:id()}

            </body>
            <content_type>text/plain</content_type>
        </email>
        <ok to="Kill"/>
        <error to="Kill"/>
    </action>

    <action name="email-validation-fail">
        <email xmlns="uri:oozie:email-action:0.2">
            <to>${email_ids}</to>
            <subject>Failed | ${wf:name()} - ${wf:id()}</subject>
            <body>

Table : ${dataload_table_name}

Workflow Name : ${wf:name()}

Workflow Id : ${wf:id()}

Status : Failed

Data Load Validation

Status : ${wf:actionData(&#39;shell-hive-eval&#39;)[&#39;validation&#39;]}

Hive Count : ${wf:actionData(&#39;shell-hive-eval&#39;)[&#39;HiveCount&#39;]}

Sqoop Count : ${wf:actionData(&#39;shell-hive-eval&#39;)[&#39;SqoopCount&#39;]}

Last error action : ${wf:lastErrorNode()}

Error Message as below:

${wf:errorMessage(wf:lastErrorNode())}

For further detail check at below location:

${debug_url}/${wf:id()}

OR

Run below command from commandline:

oozie job -oozie ${oozie_url} -info ${wf:id()}

Tips:

Case 1: For Count Mismatch issue, malicious error/s, please check for job logs from browser.

Case 2: To restart workflow from beginning, delete sqoop and hive count files (if already existing) using given commands first:

hadoop fs -rm ${dataload_target_dir}/Count/sqoop/count_sqoop.txt

hadoop fs -rm ${dataload_target_dir}/Count/hive/count_hive.txt

Case 3: Execute below oozie command from commandline as next step:

oozie job -oozie ${oozie_url} -D oozie.wf.rerun.failnodes=false -rerun ${wf:id()}

Case 4: If issue still persists, Please check for source data issue.

</body>
            <content_type>text/plain</content_type>
        </email>
        <ok to="Kill"/>
        <error to="Kill"/>
    </action>

    <action name="shell-data-archive">
        <shell xmlns="uri:oozie:shell-action:0.1">
            <job-tracker>${jobTracker}</job-tracker>
            <name-node>${nameNode}</name-node>
            <exec>Data_archive.sh</exec>
            <argument>${data_archive_enabled}</argument>
            <argument>${data_archive_location}</argument>
            <argument>${dataload_target_dir}/Load</argument>
            <file>scripts/Data_archive.sh#Data_archive.sh</file>
            <capture-output/>
        </shell>
        <ok to="email-end"/>
        <error to="email-fail"/>
    </action>
    <end name="End"/>
</workflow-app>
