<workflow-app name="EIR2_Workflow" 
xmlns="uri:oozie:workflow:0.5" >
  <global>
            <configuration>
                <property>
                    <name>oozie.launcher.mapreduce.job.queuename</name>
                    <value>${queueName}</value>
                </property>
                <property>
                    <name>mapreduce.job.queuename</name>
                    <value>${queueName}</value>
                </property>
                <property>
                    <name>mapreduce.map.memory.mb</name>
                    <value>9216</value>
                </property>
                <property>
                    <name>mapreduce.map.java.opts</name>
                    <value>-Xmx8192m</value>
                </property>
                <property>
                    <name>mapreduce.reduce.memory.mb</name>
                    <value>9216</value>
                </property>
                <property>
                    <name>mapreduce.reduce.java.opts</name>
                    <value>-Xmx8192m</value>
                </property>
            </configuration>
  </global>
  <credentials>
    <credential name="hcat" type="hcat">
      <property>
        <name>hcat.metastore.uri</name>
        <value>${hcat_metastore_uri}</value>
      </property>
      <property>
        <name>hcat.metastore.principal</name>
        <value>${hcat_metastore_principal}</value>
      </property>
    </credential>
    <credential name="hive2" type="hive2">
      <property>
        <name>hive2.jdbc.url</name>
        <value>${hive2_jdbc_url}</value>
      </property>
      <property>
        <name>hive2.server.principal</name>
        <value>${hive2_server_principal}</value>
      </property>
    </credential>
  </credentials>
    <start to="email-start"/>
    <kill name="Kill">
        <message>Action failed, error message[${wf:errorMessage(wf:lastErrorNode())}]</message>
    </kill>
    <action name="email-start">
        <email xmlns="uri:oozie:email-action:0.2">
            <to>${email_ids}</to>
            <subject>Started | ${wf:name()} - ${wf:id()}</subject>
            <body>

Today :${Load_year}-${Load_month}-${day}
Coordinator Id  : ${coordId}
workflow Name : ${wf:name()}
workflow Id     : ${wf:id()}
Status  : Started

for further details check at below location :
${debug_url}/${wf:id()}

or 

Run below command from commandline:
oozie job -oozie ${oozie_url} -info ${wf:id()}

                </body>
            <content_type>text/plain</content_type>
        </email>
        <ok to="hive-script1"/>
        <error to="email-fail"/>
    </action>

   <action name="hive-script1" cred="hcat">
        <hive xmlns="uri:oozie:hive-action:0.2">
            <job-tracker>${jobTracker}</job-tracker>
            <name-node>${nameNode}</name-node>
              <job-xml>${hive}</job-xml>
            <script>scripts/hive-script1.hql</script>
              <param>hive_database=${hive_database}</param>
        </hive>
        <ok to="hive-script2"/>
        <error to="email-fail"/>
    </action>

   <action name="hive-script2" cred="hcat">
        <hive xmlns="uri:oozie:hive-action:0.2">
            <job-tracker>${jobTracker}</job-tracker>
            <name-node>${nameNode}</name-node>
              <job-xml>${hive}</job-xml>
            <script>scripts/hive-script2.hql</script>
              <param>hive_database=${hive_database}</param>       
              <param>tmp_num_intrct=${tmp_num_intrct}</param> 
              <param>method=${method}</param>
              <param>days_in_pd=${days_in_pd}</param>
              <param>indset=${indset}</param>
              <param>max_days=${max_days}</param>
              <param>prefix=${prefix}</param>
              <param>grp_by=${grp_by}</param>
              <param>grp_by_ind=${grp_by_ind}</param>
        </hive>
        <ok to="email-end"/>
        <error to="email-fail"/>
    </action>
	   
    <action name="email-end">
        <email xmlns="uri:oozie:email-action:0.2">
            <to>${email_ids}</to>
            <subject>Ended | ${wf:name()} - ${wf:id()}</subject>
            <body>

Today :${Load_year}-${Load_month}-${day}
Coordinator Id  : ${coordId}
workflow Name : ${wf:name()}
workflow Id     : ${wf:id()}

for further details check at below location :
${debug_url}/${wf:id()}

or 

Run below command from commandline:
oozie job -oozie ${oozie_url} -info ${wf:id()}

</body>
            <content_type>text/plain</content_type>
        </email>
        <ok to="End"/>
        <error to="End"/>
    </action>

    <action name="email-fail">
        <email xmlns="uri:oozie:email-action:0.2">
            <to>${email_ids}</to>
            <subject>Failed | ${wf:name()} - ${wf:id()}</subject>
            <body>

Today :${Load_year}-${Load_month}-${day}
Coordinator Id  : ${coordId}
workflow Name : ${wf:name()}
workflow Id     : ${wf:id()}
Status  : Failed
Last error action : ${wf:lastErrorNode()}

Error Message as below :
${wf:errorMessage(wf:lastErrorNode())}

for further details check at below location :
${debug_url}/${wf:id()}

or 

Run below command from commandline:
oozie job -oozie ${oozie_url} -info ${wf:id()}

Tips to restart workflow from failed action , execute below command from commandline:
oozie job -oozie ${oozie_url} -D oozie.wf.rerun.failnodes=true -rerun ${wf:id()}

</body>
            <content_type>text/plain</content_type>
        </email>
        <ok to="Kill"/>
        <error to="Kill"/>
    </action>
    <end name="End"/>
</workflow-app>