<?xml version="1.0" encoding="UTF-8"?>
<coordinator-app xmlns="uri:oozie:coordinator:0.2" name="EIR2_workflow" frequency="${frequency}" start="${start_date}" end="${end_date}" timezone="America/New_York">
   <controls>
      <execution>FIFO</execution>
   </controls>
   <action>
      <workflow>
         <app-path>${wf_application_path}</app-path>
         <configuration>
            <property>
               <name>coordId</name>
               <value>${coord:actionId()}</value>
            </property>
            <property>
               <name>hcat.metastore.uri</name>
               <value>${hcat_metastore_uri}</value>
            </property>
            <property>
               <name>hcat.metastore.principal</name>
               <value>${hcat_metastore_principal}</value>
            </property>
            <property>
               <name>hive2.jdbc.url</name>
               <value>${hive2_jdbc_url}</value>
            </property>
            <property>
               <name>hive2.server.principal</name>
               <value>${hive2_server_principal}</value>
            </property>
            <property>
               <name>oozie_url</name>
               <value>${oozie_url}</value>
            </property>
            <property>
               <name>hive</name>
               <value>/user/uink54/hive/conf/hive-site.xml</value>
            </property>
            <property>
               <name>hive_database</name>
               <value>eirencr_shared</value>
            </property>
            <property>
               <name>tmp_num_intrct</name>
               <value>/user/uink54/EIR2_workspace_qa/oozie-EIR_Workflow/csv</value>
            </property>
         <property>
               <name>grp_by</name>
               <value>intrct_ty_cd2</value>
            </property>
         <property>
               <name>grp_by_ind</name>
               <value>intrct_ind</value>
            </property>
            <property>
               <name>method</name>
               <value>m1</value>
            </property>
            <property>
               <name>days_in_pd</name>
               <value>7</value>
            </property>
            <property>
               <name>indset</name>
               <value>tmp_poc_eir_lv_subset</value>
            </property>
            <property>
               <name>max_days</name>
               <value>85</value>
            </property>
            <property>
               <name>prefix</name>
               <value>unps33</value>
            </property>
            <property>
               <name>path</name>
               <value>/home/uink54/EIR2_workspace_qa/oozie-EIR_Workflow/scripts/hive-script.hql</value>
            </property>
            <property>
               <name>path1</name>
               <value>/home/uink54/EIR2_workspace_qa/oozie-EIR_Workflow/scripts/tmp</value>
            </property>
            <property>
               <name>path2</name>
               <value>/user/uink54/EIR2_workspace_qa/oozie-EIR_Workflow/scripts</value>
            </property>
            <property>
               <name>Load_month</name>
               <value>${coord:formatTime(coord:nominalTime(), "mm")}</value>
            </property>
            <property>
               <name>Load_year</name>
               <value>${coord:formatTime(coord:nominalTime(), "yyyy")}</value>
            </property>
            <property>
               <name>day</name>
               <value>${coord:formatTime(coord:nominalTime(), "dd")}</value>
            </property>
            <property>
               <name>oozie.use.system.libpath</name>
               <value>True</value>
            </property>
            <property>
               <name>start_date</name>
               <value>${start_date}</value>
            </property>
            <property>
               <name>end_date</name>
               <value>${end_date}</value>
            </property>
            <property>
               <name>email_ids</name>
               <value>${email_ids}</value>
            </property>
            <property>
               <name>queueName</name>
               <value>${queueName}</value>
            </property>
            <property>
               <name>nominal_time</name>
               <value>${coord:nominalTime()}</value>
            </property>
            <property>
               <name>debug_url</name>
               <value>http://qbda1node04.suntrust.com:8888/oozie/list_oozie_workflow</value>
            </property>
         </configuration>
      </workflow>
   </action>
</coordinator-app>