Case Number^Client Feedback^Resolution Comments^Analysis Comments
01/13/2017-3243518^   was debt to income. I advised thend left a message to upd ^information^Discrimination;Military 
01/23/2017-3261822^multiple financial  institutions. I  advised them Respectfully^1.23.17-Sent task to Jackie Brooks to.^Misled or Not Informed
01/27/2017-3272628^cl the branch was not helpful and they kept getting turned away^case handled at point of contact; l fo.^Unfair;
01/27/2017-3272643^Branch/Department as already completed to have the bt reversed.^1/30 sent request to credit card 57- SS ^   2/6 Reviewed RRS: 
01/27/2017-3272664^Fees, F/C, or other Monetary Impacts (Bank Error) || Client s.^1.30.17- no ackn needed..^Abusive or Predatory
