<?xml version="1.0" encoding="UTF-8"?>
<coordinator-app xmlns="uri:oozie:coordinator:0.2" name="EIR_Coordinator_Delete_Process_BAU" frequency="25 9 * * *" start="${start_date}" end="${end_date}" timezone="America/New_York">
   <controls>
      <execution>FIFO</execution>
   </controls>
   <action>
      <workflow>
         <app-path>${wf_application_path}</app-path>
         <configuration>
            <property>
               <name>coordId</name>
               <value>${coord:actionId()}</value>
            </property>
            <property>
               <name>hcat.metastore.uri</name>
               <value>${hcat_metastore_uri}</value>
            </property>
            <property>
               <name>hcat.metastore.principal</name>
               <value>${hcat_metastore_principal}</value>
            </property>
            <property>
               <name>hive2.jdbc.url</name>
               <value>${hive2_jdbc_url}</value>
            </property>
            <property>
               <name>hive2.server.principal</name>
               <value>${hive2_server_principal}</value>
            </property>
            <property>
               <name>oozie_url</name>
               <value>${oozie_url}</value>
            </property>
            <property>
               <name>hive</name>
               <value>/user/a8gg7/hive/conf/hive-site.xml</value>
            </property>
            <property>
               <name>dataload_target_dir</name>
               <value>/user/a8gg7/Marketing/EIR/EIR/EIR_FACT_TBL</value>
            </property>
            <property>
               <name>hive_eir_delete_casenbr_filepath</name>
               <value>/user/a8gg7/Marketing/EIR/EIR/EIR_FACT_TBL/Delete_Case</value>
            </property>
            <property>
               <name>email_ids</name>
               <value>${email_ids}</value>
            </property>
            <property>
               <name>hive_database</name>
               <value>eirencr_shared</value>
            </property>
            <property>
               <name>fetch_size</name>
               <value>10000</value>
            </property>
            <property>
               <name>Load_month</name>
               <value>${coord:formatTime(coord:nominalTime(), "MM")}</value>
            </property>
            <property>
               <name>Load_year</name>
               <value>${coord:formatTime(coord:nominalTime(), "yyyy")}</value>
            </property>
            <property>
               <name>debug_url</name>
               <value>http://qbda1node04.suntrust.com:8888/oozie/list_oozie_workflow</value>
            </property>
            <property>
               <name>day</name>
               <value>${coord:formatTime(coord:nominalTime(), "dd")}</value>
            </property>
            <property>
               <name>hive_table</name>
               <value>eir_ft_lngtd_prspctv_fact_parq</value>
            </property>
            <property>
               <name>oozie.use.system.libpath</name>
               <value>True</value>
            </property>
            <property>
               <name>start_date</name>
               <value>${start_date}</value>
            </property>
            <property>
               <name>end_date</name>
               <value>${end_date}</value>
            </property>
            <property>
               <name>queueName</name>
               <value>${queueName}</value>
            </property>
            <property>
               <name>nominal_time</name>
               <value>${coord:nominalTime()}</value>
            </property>
         </configuration>
      </workflow>
   </action>
</coordinator-app>