<workflow-app name="FDR_Zone2_workflow"    xmlns="uri:oozie:workflow:0.5" >
    <!--
Created by - INFOSYS - uism172
Created date - 10/27//2017
Created Version - 1.0
-->
    <global>
        <configuration>
            <property>
                <name>oozie.launcher.mapreduce.job.queuename</name>
                <value>${queueName}</value>
            </property>
            <property>
                <name>queueName</name>
                <value>${queueName}</value>
            </property>
            <property>
                <name>mapreduce.job.queuename</name>
                <value>${queueName}</value>
            </property>
            <property>
                <name>mapreduce.map.memory.mb</name>
                <value>9216</value>
            </property>
            <property>
                <name>mapreduce.map.java.opts</name>
                <value>-Xmx8192m</value>
            </property>
            <property>
                <name>mapreduce.reduce.memory.mb</name>
                <value>9216</value>
            </property>
            <property>
                <name>mapreduce.reduce.java.opts</name>
                <value>-Xmx8192m</value>
            </property>
            <property>
                <name>oozie_url</name>
                <value>${oozie_url}</value>
            </property>
            <property>
                <name>hive</name>
                <value>${hive}</value>
            </property>
            <property>
                <name>hive_database</name>
                <value>${hive_database}</value>
            </property>
            <property>
                <name>username</name>
                <value>${username}</value>
            </property>
            <property>
                <name>number_mapper</name>
                <value>${number_mapper}</value>
            </property>
            <property>
                <name>target_dir</name>
                <value>${target_dir}</value>
            </property>
            <property>
                <name>fetch_size</name>
                <value>${fetch_size}</value>
            </property>
            <property>
                <name>table_details</name>
                <value>${table_details}</value>
            </property>
            <property>
                <name>oozie.use.system.libpath</name>
                <value>True</value>
            </property>
            <property>
                <name>email_ids</name>
                <value>${email_ids}</value>
            </property>
            <property>
                <name>debug_url</name>
                <value>${debug_url}</value>
            </property>
        </configuration>
    </global>
    <credentials>
        <credential name="hcat" type="hcat">
            <property>
                <name>hcat.metastore.uri</name>
                <value>${hcat_metastore_uri}</value>
            </property>
            <property>
                <name>hcat.metastore.principal</name>
                <value>${hcat_metastore_principal}</value>
            </property>
        </credential>
        <credential name="hive2" type="hive2">
            <property>
                <name>hive2.jdbc.url</name>
                <value>${hive2_jdbc_url}</value>
            </property>
            <property>
                <name>hive2.server.principal</name>
                <value>${hive2_server_principal}</value>
            </property>
        </credential>
    </credentials>
    <start to="email-start"/>
    <kill name="kill">
        <message>Action failed, error message[${wf:errorMessage(wf:lastErrorNode())}]</message>
    </kill>
    <action name="email-start">
        <email
            xmlns="uri:oozie:email-action:0.2">
            <to>${email_ids}</to>
            <subject>Started | ${wf:name()} - ${wf:id()}</subject>
            <body> 

workflow Name : ${wf:name()} 

workflow Id : ${wf:id()} 

Status : Started for further details check at below location : ${debug_url}/${wf:id()} 

or 

Run below command for SQOOP JOB from commandline: 
oozie job -oozie ${oozie_url} -info ${wf:id()}
            </body>
            <content_type>text/plain</content_type>
        </email>
        <ok to="shell-eval"/>
        <error to="kill"/>
    </action>
    <action name="shell-eval" cred="hive2,hcat">
        <shell  xmlns="uri:oozie:shell-action:0.1">
            <job-tracker>${jobTracker}</job-tracker>
            <name-node>${nameNode}</name-node>
            <exec>shell-sqoop.sh</exec>
            <argument>${username}</argument>
            <argument>${number_mapper}</argument>
            <argument>${target_dir}</argument>
            <argument>${hive_database}</argument>
            <argument>${fetch_size}</argument>
            <argument>${table_details}</argument>
            <file>scripts/shell-sqoop.sh#shell-sqoop.sh</file>
            <!-- file>scripts/TableDetails.csv#TableDetails.csv</file -->
            <capture-output/>
        </shell>
        <ok to="hive-load"/>
        <error to="email-fail"/>
    </action>
    <action name="hive-load" cred="hcat">
        <hive xmlns="uri:oozie:hive-action:0.2">
            <job-tracker>${jobTracker}</job-tracker>
            <name-node>${nameNode}</name-node>
            <job-xml>${hive}</job-xml>
           <script>scripts/hive_load.hql</script>
            <param>${target_dir}</param>
            <param>${hive_database}</param>
            <param>${table_details}</param>
        </hive>
        <ok to="email-end"/>
        <error to="email-fail"/>
    </action>
    <action name="email-end">
        <email
            xmlns="uri:oozie:email-action:0.2">
            <to>${email_ids}</to>
            <subject>Ended| ${wf:name()} - ${wf:id()}</subject>
            <body>{year}
Workflow successfully Ended

Workflow Name : ${wf:name()}

Workflow Id : ${wf:id()}

For further details check at below location:

 ${debug_url}/${wf:id()}</body>
            <content_type>text/html</content_type>
        </email>
        <ok to="End"/>
        <error to="End"/>
    </action>
    <action name="email-fail">
        <email
            xmlns="uri:oozie:email-action:0.2">
            <to>${email_ids}</to>
            <subject>Failed | ${wf:name()} - ${wf:id()}</subject>
            <body> 

workflow Name : ${wf:name()}

workflow Id : ${wf:id()} 

Status : Failed Last error action : ${wf:lastErrorNode()} 

Error Message as below : 

${wf:errorMessage(wf:lastErrorNode())} for further details check at below location : ${debug_url}/${wf:id()} 

or Run below command from commandline: 

oozie job -oozie ${oozie_url} -info ${wf:id()} 

Tips :  

To restart workflow from failed action , execute below command from commandline: oozie job -oozie ${oozie_url} -D oozie.wf.rerun.failnodes=true -rerun ${wf:id()} If issue still persists , Please check for job logs from browser for malicious error/s. 

 </body>
            <content_type>text/plain</content_type>
        </email>
        <ok to="kill"/>
        <error to="kill"/>
    </action>
    <end name="End"/>
</workflow-app>
